{
  "val_ece_cal": 0.07121967563596021,
  "donor_ece_cal": 0.06497964796304352
}