{
  "val_ece_cal": 0.05009294561922471,
  "donor_ece_cal": 0.056636636356209774
}