{
  "auroc": {
    "mean": 0.6817458649159779,
    "ci95": [
      0.5556846006220634,
      0.7902441406249999
    ]
  },
  "auprc": {
    "mean": 0.8867971350059703,
    "ci95": [
      0.8087567056996687,
      0.9465937786212739
    ]
  },
  "brier": {
    "mean": 0.16016893016043696,
    "ci95": [
      0.11643245143738114,
      0.20875682178093138
    ]
  }
}